Time,X[heras],Y[Iynx]
1900.37181397436,29.8955421710082,3.9894370940077
1901.31634138729,46.8648299634108,6.07315217830432
1902.3126771127,70.1883873993551,9.75096183976691
1903.29467374135,76.9735215551189,36.1170062863929
1904.30187807976,36.357290991075,59.0449557057731
1905.27274235446,20.0974559032595,42.097330591359
1906.24297174018,18.2752256339041,19.6502356166032
1907.18810380927,21.494413599218,13.2446387381963
1908.15822234136,22.1930349648108,8.67295857388627
1909.15309555156,25.6419613310507,9.14241160902925
1910.14801914978,27.9450460450415,7.5493496701018
1911.11760356891,40.7895889245523,7.78906430431868
1912.11191243336,57.0719417960816,12.6132856885177
1913.10609028896,76.3334829634697,19.7286203067497
1914.0524316704,52.052471274617,45.6357580219888
1915.04888706426,19.5219697600137,51.146914327061
1915.9945230135,11.282741202759,30.0751143702423
1917.03944977051,7.85718772593632,16.5652992478686
1917.9595449886,14.7427839432422,9.70193577903834
1918.90473752332,16.5869619258571,10.6291554045828
1919.99887130848,25.5370683638784,8.80778024093089
